Entity,Code,Year,Bioenergy levelized cost of energy,Geothermal levelized cost of energy,Offshore wind levelized cost of energy,Solar photovoltaic levelized cost of energy,Concentrated solar power levelized cost of energy,Hydropower levelized cost of energy,Onshore wind levelized cost of energy
Argentina,ARG,1995,,,,,,,0.093313456
Argentina,ARG,1997,,,,,,,0.04756402
Argentina,ARG,2008,,,,,,,0.18295087
Argentina,ARG,2009,,,,,,,0.103090174
Argentina,ARG,2012,,,,,,,0.12029985
Argentina,ARG,2013,,,,,,,0.121463545
Argentina,ARG,2014,,,,,,,0.10593209
Argentina,ARG,2015,,,,,,,0.10131913
Argentina,ARG,2017,,,,,,,0.10674668
Argentina,ARG,2018,,,,,,,0.073628254
Argentina,ARG,2019,,,,,,,0.06686089
Argentina,ARG,2020,,,,,,,0.07474015
Argentina,ARG,2021,,,,,,,0.07245677
Argentina,ARG,2022,,,,,,,0.053053137
Argentina,ARG,2023,,,,,,,0.08810607
Australia,AUS,2010,,,,0.468477,,,0.14074405
Australia,AUS,2011,,,,0.47568122,,,0.12066279
Australia,AUS,2012,,,,0.2876433,,,0.117526695
Australia,AUS,2013,,,,0.16478086,,,0.09493786
Australia,AUS,2014,,,,0.13556309,,,0.09217363
Australia,AUS,2015,,,,0.11651525,,,0.07789126
Australia,AUS,2016,,,,0.08941767,,,0.074648425
Australia,AUS,2017,,,,0.09789906,,,0.060128517
Australia,AUS,2018,,,,0.080330506,,,0.047702402
Australia,AUS,2019,,,,0.07662897,,,0.045239095
Australia,AUS,2020,,,,0.057686467,,,0.051009405
Australia,AUS,2021,,,,0.045411125,,,0.034006577
Australia,AUS,2022,,,,0.04136547,,,0.03348369
Australia,AUS,2023,,,,0.037894744,,,0.04224214
Australia,AUS,1998,,,,,,,0.27102926
Australia,AUS,2000,,,,,,,0.10784246
Australia,AUS,2001,,,,,,,0.077383414
Australia,AUS,2002,,,,,,,0.104364514
Australia,AUS,2003,,,,,,,0.10456048
Australia,AUS,2004,,,,,,,0.20986347
Australia,AUS,2005,,,,,,,0.0983953
Australia,AUS,2006,,,,,,,0.093825735
Australia,AUS,2007,,,,,,,0.08248753
Australia,AUS,2008,,,,,,,0.10973935
Australia,AUS,2009,,,,,,,0.083145216
Austria,AUT,1995,,,,,,,0.16214484
Austria,AUT,1996,,,,,,,0.19099654
Austria,AUT,1998,,,,,,,0.16029768
Austria,AUT,1999,,,,,,,0.13719414
Austria,AUT,2000,,,,,,,0.09845663
Austria,AUT,2012,,,,,,,0.12070477
Austria,AUT,2013,,,,,,,0.18375696
Austria,AUT,2014,,,,,,,0.11360011
Austria,AUT,2015,,,,,,,0.10094953
Austria,AUT,2016,,,,,,,0.08940166
Austria,AUT,2017,,,,,,,0.077994674
Austria,AUT,2018,,,,,,,0.067004085
Austria,AUT,2022,,,,,,,0.060362365
Austria,AUT,2023,,,,,,,0.045740724
Brazil,BRA,2018,,,,0.11695923,,,0.049496822
Brazil,BRA,2019,,,,0.109339535,,,0.036891848
Brazil,BRA,2020,,,,0.08818533,,,0.034825347
Brazil,BRA,2021,,,,0.055232543,,,0.025414452
Brazil,BRA,2022,,,,0.053580776,,,0.024128623
Brazil,BRA,2023,,,,0.059229974,,,0.024517072
Brazil,BRA,2001,,,,,,,0.15408203
Brazil,BRA,2002,,,,,,,0.13056467
Brazil,BRA,2003,,,,,,,0.14837888
Brazil,BRA,2005,,,,,,,0.13923298
Brazil,BRA,2006,,,,,,,0.10048402
Brazil,BRA,2007,,,,,,,0.106062785
Brazil,BRA,2008,,,,,,,0.08582111
Brazil,BRA,2009,,,,,,,0.12337347
Brazil,BRA,2010,,,,,,,0.119881496
Brazil,BRA,2011,,,,,,,0.096760474
Brazil,BRA,2012,,,,,,,0.09533592
Brazil,BRA,2013,,,,,,,0.08251961
Brazil,BRA,2014,,,,,,,0.07179612
Brazil,BRA,2015,,,,,,,0.06012175
Brazil,BRA,2016,,,,,,,0.058254257
Brazil,BRA,2017,,,,,,,0.049190313
Canada,CAN,2018,,,,0.17656672,,,0.059128582
Canada,CAN,2019,,,,0.11470057,,,0.06155256
Canada,CAN,2020,,,,0.0953463,,,0.039067306
Canada,CAN,2021,,,,0.08083892,,,0.03161378
Canada,CAN,2022,,,,0.0685226,,,0.0330477
Canada,CAN,2023,,,,0.10096706,,,0.0364282
Canada,CAN,1990,,,,,,,0.21158269
Canada,CAN,1992,,,,,,,0.20122306
Canada,CAN,1993,,,,,,,0.065094985
Canada,CAN,1994,,,,,,,0.09986086
Canada,CAN,1996,,,,,,,0.1679361
Canada,CAN,1999,,,,,,,0.1675273
Canada,CAN,2000,,,,,,,0.13879846
Canada,CAN,2001,,,,,,,0.104695685
Canada,CAN,2002,,,,,,,0.09892697
Canada,CAN,2003,,,,,,,0.099891774
Canada,CAN,2004,,,,,,,0.09791671
Canada,CAN,2005,,,,,,,0.086682536
Canada,CAN,2006,,,,,,,0.09506437
Canada,CAN,2007,,,,,,,0.1062614
Canada,CAN,2008,,,,,,,0.10852042
Canada,CAN,2009,,,,,,,0.10783635
Canada,CAN,2010,,,,,,,0.120905295
Canada,CAN,2011,,,,,,,0.106693566
Canada,CAN,2012,,,,,,,0.11833319
Canada,CAN,2013,,,,,,,0.10882938
Canada,CAN,2014,,,,,,,0.097295746
Canada,CAN,2015,,,,,,,0.08729971
Canada,CAN,2016,,,,,,,0.093398675
Canada,CAN,2017,,,,,,,0.07491259
Chile,CHL,2012,,,,0.20686625,,,0.099560685
Chile,CHL,2013,,,,0.15350488,,,0.09803309
Chile,CHL,2014,,,,0.15101504,,,0.09663379
Chile,CHL,2015,,,,0.10458148,,,0.092069924
Chile,CHL,2016,,,,0.09608844,,,0.07790328
Chile,CHL,2017,,,,0.0924281,,,0.07349195
Chile,CHL,2018,,,,0.12254484,,,0.05459322
Chile,CHL,2019,,,,0.09770224,,,0.077947
Chile,CHL,2020,,,,0.06606045,,,0.04213342
Chile,CHL,2021,,,,0.047098354,,,0.042359356
Chile,CHL,2022,,,,0.043029886,,,0.054845035
Chile,CHL,2023,,,,0.04092146,,,0.0491518
Chile,CHL,2009,,,,,,,0.21262757
Chile,CHL,2011,,,,,,,0.14177871
China,CHN,2010,,,,0.3397311,,,0.0898432
China,CHN,2011,,,,0.2968567,,,0.0847689
China,CHN,2012,,,,0.2176879,,,0.083292864
China,CHN,2013,,,,0.17065278,,,0.07785012
China,CHN,2014,,,,0.12738074,,,0.07346631
China,CHN,2015,,,,0.09465705,,,0.068152785
China,CHN,2016,,,,0.08199834,,,0.06296075
China,CHN,2017,,,,0.07167083,,,0.049538113
China,CHN,2018,,,,0.0547309,,,0.051917423
China,CHN,2019,,,,0.050607853,,,0.040322375
China,CHN,2020,,,,0.043007273,,,0.03711008
China,CHN,2021,,,,0.036775313,,,0.029920662
China,CHN,2022,,,,0.03793418,,,0.027677663
China,CHN,2023,,,,0.0356469,,,0.02597236
China,CHN,1996,,,,,,,0.19843915
China,CHN,1997,,,,,,,0.19843915
China,CHN,1998,,,,,,,0.18204457
China,CHN,1999,,,,,,,0.17799926
China,CHN,2000,,,,,,,0.16262665
China,CHN,2001,,,,,,,0.1357861
China,CHN,2002,,,,,,,0.1529177
China,CHN,2003,,,,,,,0.10706321
China,CHN,2004,,,,,,,0.11307001
China,CHN,2005,,,,,,,0.110695824
China,CHN,2006,,,,,,,0.10503291
China,CHN,2007,,,,,,,0.0919734
China,CHN,2008,,,,,,,0.09733014
China,CHN,2009,,,,,,,0.09864473
Costa Rica,CRI,1999,,,,,,,0.081609316
Costa Rica,CRI,2003,,,,,,,0.06429922
Costa Rica,CRI,2009,,,,,,,0.09998714
Costa Rica,CRI,2011,,,,,,,0.10210448
Costa Rica,CRI,2012,,,,,,,0.14069152
Costa Rica,CRI,2014,,,,,,,0.07204051
Costa Rica,CRI,2015,,,,,,,0.0701293
Costa Rica,CRI,2016,,,,,,,0.079915635
Costa Rica,CRI,2017,,,,,,,0.049941573
Croatia,HRV,2008,,,,,,,0.21615434
Croatia,HRV,2009,,,,,,,0.17049761
Croatia,HRV,2011,,,,,,,0.16446108
Croatia,HRV,2012,,,,,,,0.13553014
Croatia,HRV,2014,,,,,,,0.17279315
Croatia,HRV,2015,,,,,,,0.09374647
Croatia,HRV,2016,,,,,,,0.092128135
Croatia,HRV,2017,,,,,,,0.06850714
Croatia,HRV,2020,,,,,,,0.051719014
Croatia,HRV,2021,,,,,,,0.04912897
Croatia,HRV,2023,,,,,,,0.053865306
Cyprus,CYP,2010,,,,,,,0.14232714
Cyprus,CYP,2011,,,,,,,0.14459424
Cyprus,CYP,2012,,,,,,,0.17941059
Cyprus,CYP,2013,,,,,,,0.20980588
Cyprus,CYP,2016,,,,,,,0.114976816
Denmark,DNK,1984,,,,,,,0.25911242
Denmark,DNK,1985,,,,,,,0.24290606
Denmark,DNK,1986,,,,,,,0.23528205
Denmark,DNK,1987,,,,,,,0.22432663
Denmark,DNK,1988,,,,,,,0.23478027
Denmark,DNK,1989,,,,,,,0.2139084
Denmark,DNK,1990,,,,,,,0.21491805
Denmark,DNK,1991,,,,,,,0.2033537
Denmark,DNK,1992,,,,,,,0.1995838
Denmark,DNK,1993,,,,,,,0.20040123
Denmark,DNK,1995,,,,,,,0.16642834
Denmark,DNK,1996,,,,,,,0.16206442
Denmark,DNK,1997,,,,,,,0.16640817
Denmark,DNK,1998,,,,,,,0.1697969
Denmark,DNK,1999,,,,,,,0.16653103
Denmark,DNK,2000,,,,,,,0.1811129
Denmark,DNK,2001,,,,,,,0.17450462
Denmark,DNK,2002,,,,,,,0.12778346
Denmark,DNK,2003,,,,,,,0.1025468
Denmark,DNK,2004,,,,,,,0.09127134
Denmark,DNK,2005,,,,,,,0.1072514
Denmark,DNK,2006,,,,,,,0.13316874
Denmark,DNK,2008,,,,,,,0.12886173
Denmark,DNK,2010,,,,,,,0.13000609
Denmark,DNK,2011,,,,,,,0.12697269
Denmark,DNK,2012,,,,,,,0.09847028
Denmark,DNK,2013,,,,,,,0.096297465
Denmark,DNK,2015,,,,,,,0.068130344
Denmark,DNK,2016,,,,,,,0.05979699
Denmark,DNK,2017,,,,,,,0.049367573
Denmark,DNK,2018,,,,,,,0.047097605
Denmark,DNK,2019,,,,,,,0.04847739
Denmark,DNK,2020,,,,,,,0.042880036
Dominican Republic,DOM,2007,,,,,,,0.1059088
Dominican Republic,DOM,2009,,,,,,,0.07512201
Dominican Republic,DOM,2011,,,,,,,0.07978583
Dominican Republic,DOM,2012,,,,,,,0.121262714
Dominican Republic,DOM,2013,,,,,,,0.083321884
Dominican Republic,DOM,2014,,,,,,,0.15709393
Dominican Republic,DOM,2016,,,,,,,0.08873673
Dominican Republic,DOM,2017,,,,,,,0.056566123
Dominican Republic,DOM,2018,,,,,,,0.07547323
Dominican Republic,DOM,2019,,,,,,,0.056661863
Dominican Republic,DOM,2020,,,,,,,0.06296693
Egypt,EGY,2007,,,,,,,0.05114385
Egypt,EGY,2010,,,,,,,0.07552539
Egypt,EGY,2015,,,,,,,0.06925564
Egypt,EGY,2018,,,,,,,0.06171438
Egypt,EGY,2020,,,,,,,0.049837373
Egypt,EGY,2021,,,,,,,0.04699624
Egypt,EGY,2022,,,,,,,0.045408104
Egypt,EGY,2023,,,,,,,0.052319117
Ethiopia,ETH,2011,,,,,,,0.11379773
Ethiopia,ETH,2012,,,,,,,0.106665276
Ethiopia,ETH,2015,,,,,,,0.09541671
Ethiopia,ETH,2016,,,,,,,0.09748323
Ethiopia,ETH,2019,,,,,,,0.06621285
Ethiopia,ETH,2022,,,,,,,0.05024303
Finland,FIN,2013,,,,,,,0.06829611
Finland,FIN,2014,,,,,,,0.08874435
Finland,FIN,2015,,,,,,,0.082962915
Finland,FIN,2016,,,,,,,0.068987355
Finland,FIN,2017,,,,,,,0.059592478
Finland,FIN,2018,,,,,,,0.05242186
Finland,FIN,2019,,,,,,,0.029541304
Finland,FIN,2020,,,,,,,0.034113903
Finland,FIN,2021,,,,,,,0.03903348
Finland,FIN,2022,,,,,,,0.04258393
Finland,FIN,2023,,,,,,,0.042577766
France,FRA,2010,,,,0.43740276,,,0.145576
France,FRA,2011,,,,0.44417167,,,0.12821157
France,FRA,2012,,,,0.4510151,,,0.11400307
France,FRA,2013,,,,0.26712745,,,0.10327834
France,FRA,2014,,,,0.17752011,,,0.09440617
France,FRA,2015,,,,0.124211594,,,0.08825351
France,FRA,2016,,,,0.09758267,,,0.080847956
France,FRA,2017,,,,0.08729436,,,0.08870931
France,FRA,2018,,,,0.073557205,,,0.0689726
France,FRA,2019,,,,0.06742594,,,0.05642465
France,FRA,2020,,,,0.059671696,,,0.04961903
France,FRA,2021,,,,0.052645672,,,0.048487153
France,FRA,2022,,,,0.06316348,,,0.05124806
France,FRA,2023,,,,0.056981575,,,0.048364606
France,FRA,1991,,,,,,,0.22119935
France,FRA,1993,,,,,,,0.23472615
France,FRA,1996,,,,,,,0.21482751
France,FRA,1997,,,,,,,0.19988674
France,FRA,1998,,,,,,,0.19780676
France,FRA,1999,,,,,,,0.18936154
France,FRA,2000,,,,,,,0.15013187
France,FRA,2001,,,,,,,0.15274441
France,FRA,2002,,,,,,,0.15766531
France,FRA,2003,,,,,,,0.12205886
France,FRA,2004,,,,,,,0.1375233
France,FRA,2005,,,,,,,0.1356971
France,FRA,2006,,,,,,,0.13680883
France,FRA,2007,,,,,,,0.12855428
France,FRA,2008,,,,,,,0.17314151
France,FRA,2009,,,,,,,0.1427378
Germany,DEU,2010,,,,0.41471833,,,0.15329427
Germany,DEU,2011,,,,0.35013598,,,0.1464289
Germany,DEU,2012,,,,0.28174362,,,0.1302937
Germany,DEU,2013,,,,0.22242926,,,0.12161368
Germany,DEU,2014,,,,0.16358331,,,0.10831947
Germany,DEU,2015,,,,0.1299696,,,0.09722085
Germany,DEU,2016,,,,0.11371165,,,0.087551475
Germany,DEU,2017,,,,0.1034886,,,0.08466308
Germany,DEU,2018,,,,0.099056564,,,0.07098055
Germany,DEU,2019,,,,0.08142049,,,0.058368925
Germany,DEU,2020,,,,0.06960916,,,0.049786605
Germany,DEU,2021,,,,0.06371161,,,0.05452931
Germany,DEU,2022,,,,0.08131669,,,0.055945158
Germany,DEU,2023,,,,0.06261388,,,0.053256687
Germany,DEU,1984,,,,,,,0.27491817
Germany,DEU,1990,,,,,,,0.23897445
Germany,DEU,1991,,,,,,,0.22622341
Germany,DEU,1992,,,,,,,0.2457013
Germany,DEU,1993,,,,,,,0.24044102
Germany,DEU,1994,,,,,,,0.18135314
Germany,DEU,1995,,,,,,,0.22207743
Germany,DEU,1996,,,,,,,0.2039165
Germany,DEU,1997,,,,,,,0.20255385
Germany,DEU,1998,,,,,,,0.18881097
Germany,DEU,1999,,,,,,,0.20103559
Germany,DEU,2000,,,,,,,0.1981016
Germany,DEU,2001,,,,,,,0.20675893
Germany,DEU,2002,,,,,,,0.16471961
Germany,DEU,2003,,,,,,,0.1504469
Germany,DEU,2004,,,,,,,0.15057644
Germany,DEU,2005,,,,,,,0.15582809
Germany,DEU,2006,,,,,,,0.16026694
Germany,DEU,2007,,,,,,,0.14732122
Germany,DEU,2008,,,,,,,0.1770652
Germany,DEU,2009,,,,,,,0.16367452
Greece,GRC,2018,,,,0.118496664,,,0.08396957
Greece,GRC,2020,,,,0.055786636,,,0.07109032
Greece,GRC,2021,,,,0.051439166,,,0.057690915
Greece,GRC,2022,,,,0.072998255,,,0.05014845
Greece,GRC,2023,,,,0.052289248,,,0.04644396
Greece,GRC,2010,,,,,,,0.14845318
Greece,GRC,2011,,,,,,,0.09846944
Greece,GRC,2012,,,,,,,0.118394196
Greece,GRC,2014,,,,,,,0.10570104
Greece,GRC,2015,,,,,,,0.100838184
Greece,GRC,2016,,,,,,,0.08356885
Greece,GRC,2017,,,,,,,0.08106141
Greece,GRC,2019,,,,,,,0.06994273
India,IND,2010,,,,0.3891976,,,0.0992472
India,IND,2011,,,,0.24700834,,,0.09048509
India,IND,2012,,,,0.21009158,,,0.10868367
India,IND,2013,,,,0.20963994,,,0.10116986
India,IND,2014,,,,0.1364846,,,0.10002947
India,IND,2015,,,,0.08921829,,,0.08381581
India,IND,2016,,,,0.08403196,,,0.07261732
India,IND,2017,,,,0.07665805,,,0.058371488
India,IND,2018,,,,0.05553932,,,0.045796707
India,IND,2019,,,,0.043879043,,,0.04554991
India,IND,2020,,,,0.041579366,,,0.041276276
India,IND,2021,,,,0.03758043,,,0.032187764
India,IND,2022,,,,0.0382608,,,0.038255673
India,IND,2023,,,,0.04806199,,,0.046448033
India,IND,1990,,,,,,,0.2612377
India,IND,1991,,,,,,,0.29849848
India,IND,1992,,,,,,,0.2733975
India,IND,1993,,,,,,,0.2733975
India,IND,1994,,,,,,,0.2733975
India,IND,1995,,,,,,,0.25666353
India,IND,1996,,,,,,,0.24829654
India,IND,1997,,,,,,,0.22793308
India,IND,1998,,,,,,,0.23156257
India,IND,1999,,,,,,,0.22319558
India,IND,2000,,,,,,,0.2011919
India,IND,2001,,,,,,,0.161957
India,IND,2002,,,,,,,0.15081197
India,IND,2003,,,,,,,0.16372854
India,IND,2004,,,,,,,0.119891435
India,IND,2005,,,,,,,0.12617019
India,IND,2006,,,,,,,0.1413778
India,IND,2007,,,,,,,0.11360713
India,IND,2008,,,,,,,0.12053802
India,IND,2009,,,,,,,0.09268195
Indonesia,IDN,2017,,,,,,,0.13317418
Indonesia,IDN,2018,,,,,,,0.070192195
Indonesia,IDN,2019,,,,,,,0.107758455
Indonesia,IDN,2020,,,,,,,0.08340084
Ireland,IRL,2003,,,,,,,0.09565162
Ireland,IRL,2009,,,,,,,0.10166427
Ireland,IRL,2010,,,,,,,0.15479745
Ireland,IRL,2011,,,,,,,0.1027835
Ireland,IRL,2012,,,,,,,0.09149875
Ireland,IRL,2013,,,,,,,0.08965639
Ireland,IRL,2014,,,,,,,0.11255258
Ireland,IRL,2015,,,,,,,0.05912216
Ireland,IRL,2016,,,,,,,0.050810434
Ireland,IRL,2017,,,,,,,0.05825046
Ireland,IRL,2018,,,,,,,0.05233091
Ireland,IRL,2019,,,,,,,0.061247088
Ireland,IRL,2020,,,,,,,0.07711988
Ireland,IRL,2022,,,,,,,0.042478874
Ireland,IRL,2023,,,,,,,0.035160564
Italy,ITA,2010,,,,0.46301287,,,0.1474898
Italy,ITA,2011,,,,0.4355421,,,0.16973914
Italy,ITA,2012,,,,0.2209987,,,0.15336345
Italy,ITA,2013,,,,0.19488242,,,0.11070669
Italy,ITA,2014,,,,0.16036288,,,0.10536955
Italy,ITA,2017,,,,0.078463115,,,0.094642825
Italy,ITA,2018,,,,0.06860508,,,0.061338603
Italy,ITA,2019,,,,0.06331267,,,0.056355834
Italy,ITA,2020,,,,0.059571594,,,0.056022383
Italy,ITA,2021,,,,0.054224726,,,0.0435852
Italy,ITA,2022,,,,0.06259512,,,0.04260088
Italy,ITA,2023,,,,0.06134252,,,0.050304614
Italy,ITA,1989,,,,,,,0.22268364
Italy,ITA,1991,,,,,,,0.21179533
Italy,ITA,1992,,,,,,,0.22928935
Italy,ITA,1993,,,,,,,0.22402908
Italy,ITA,1994,,,,,,,0.2102795
Italy,ITA,1995,,,,,,,0.19864933
Italy,ITA,1996,,,,,,,0.20356743
Italy,ITA,1997,,,,,,,0.18918967
Italy,ITA,1998,,,,,,,0.1871097
Italy,ITA,1999,,,,,,,0.17866448
Italy,ITA,2000,,,,,,,0.17128015
Italy,ITA,2001,,,,,,,0.14344262
Italy,ITA,2002,,,,,,,0.16015626
Italy,ITA,2003,,,,,,,0.14489469
Italy,ITA,2004,,,,,,,0.12530461
Italy,ITA,2005,,,,,,,0.14190155
Italy,ITA,2006,,,,,,,0.13942108
Italy,ITA,2007,,,,,,,0.13851038
Italy,ITA,2008,,,,,,,0.14820269
Italy,ITA,2009,,,,,,,0.15912952
Italy,ITA,2015,,,,,,,0.1018022
Italy,ITA,2016,,,,,,,0.07773778
Japan,JPN,2011,,,,0.4841021,,,0.1592394
Japan,JPN,2012,,,,0.34546053,,,0.20054598
Japan,JPN,2013,,,,0.28612503,,,0.1787934
Japan,JPN,2014,,,,0.2531559,,,0.16687322
Japan,JPN,2015,,,,0.18050659,,,0.13737747
Japan,JPN,2016,,,,0.18140765,,,0.19188695
Japan,JPN,2017,,,,0.14299563,,,0.13504465
Japan,JPN,2018,,,,0.13209823,,,0.15175094
Japan,JPN,2019,,,,0.1212455,,,0.1296771
Japan,JPN,2020,,,,0.11289658,,,0.11512502
Japan,JPN,2021,,,,0.09342417,,,0.15040652
Japan,JPN,2022,,,,0.097818516,,,0.15331486
Japan,JPN,2023,,,,0.110136375,,,0.12476926
Japan,JPN,2000,,,,,,,0.18114406
Japan,JPN,2005,,,,,,,0.17883319
Japan,JPN,2010,,,,,,,0.18366249
Mexico,MEX,2012,,,,0.31439793,,,0.071778074
Mexico,MEX,2013,,,,0.20260552,,,0.08183766
Mexico,MEX,2014,,,,0.14438668,,,0.0817183
Mexico,MEX,2015,,,,0.08947617,,,0.07438595
Mexico,MEX,2016,,,,0.16798612,,,0.076327965
Mexico,MEX,2017,,,,0.15208513,,,
Mexico,MEX,2018,,,,0.08884329,,,0.04434519
Mexico,MEX,2019,,,,0.0799686,,,0.06087481
Mexico,MEX,2020,,,,0.05914711,,,0.049179908
Mexico,MEX,2021,,,,0.05339963,,,0.04490381
Mexico,MEX,2022,,,,0.067656554,,,0.047080066
Mexico,MEX,2023,,,,0.06951098,,,
Mexico,MEX,2007,,,,,,,0.068314075
Mexico,MEX,2008,,,,,,,0.06007239
Mexico,MEX,2009,,,,,,,0.08481974
Mexico,MEX,2010,,,,,,,0.10714163
Mexico,MEX,2011,,,,,,,0.025965672
Morocco,MAR,2000,,,,,,,0.12624857
Morocco,MAR,2001,,,,,,,0.10808803
Morocco,MAR,2005,,,,,,,0.065193206
Morocco,MAR,2007,,,,,,,0.083504744
Morocco,MAR,2011,,,,,,,0.07884966
Morocco,MAR,2012,,,,,,,0.097660765
Morocco,MAR,2013,,,,,,,0.07587498
Morocco,MAR,2014,,,,,,,0.07195411
Morocco,MAR,2016,,,,,,,0.059061736
Morocco,MAR,2017,,,,,,,0.05116132
Morocco,MAR,2018,,,,,,,0.061855167
Morocco,MAR,2020,,,,,,,0.04535908
Morocco,MAR,2021,,,,,,,0.0502328
Morocco,MAR,2022,,,,,,,0.05294767
Morocco,MAR,2023,,,,,,,0.042577174
Netherlands,NLD,2016,,,,0.12909886,,,0.08103642
Netherlands,NLD,2017,,,,0.14400403,,,0.089159
Netherlands,NLD,2018,,,,0.1091716,,,0.048819017
Netherlands,NLD,2019,,,,0.10400591,,,0.053873435
Netherlands,NLD,2020,,,,0.100649886,,,0.040070005
Netherlands,NLD,2021,,,,0.08357119,,,0.045292236
Netherlands,NLD,2022,,,,0.091195844,,,0.046654657
Netherlands,NLD,2023,,,,0.06987315,,,0.04156093
Netherlands,NLD,2000,,,,,,,0.10725399
Netherlands,NLD,2002,,,,,,,0.07823707
Netherlands,NLD,2003,,,,,,,0.11286535
Netherlands,NLD,2004,,,,,,,0.12313373
Netherlands,NLD,2005,,,,,,,0.075413086
Netherlands,NLD,2006,,,,,,,0.12761594
Netherlands,NLD,2007,,,,,,,0.15105277
Netherlands,NLD,2008,,,,,,,0.10147721
Netherlands,NLD,2010,,,,,,,0.102356724
Netherlands,NLD,2012,,,,,,,0.122637145
Netherlands,NLD,2013,,,,,,,0.0868759
Netherlands,NLD,2014,,,,,,,0.10393999
Netherlands,NLD,2015,,,,,,,0.09606608
New Zealand,NZL,2011,,,,,,,0.08587311
New Zealand,NZL,2014,,,,,,,0.07937205
New Zealand,NZL,2015,,,,,,,0.0679995
New Zealand,NZL,2020,,,,,,,0.03602994
New Zealand,NZL,2021,,,,,,,0.03518171
New Zealand,NZL,2023,,,,,,,0.04095534
Norway,NOR,2001,,,,,,,0.5464291
Norway,NOR,2002,,,,,,,0.1181932
Norway,NOR,2005,,,,,,,0.38663688
Norway,NOR,2006,,,,,,,0.067873076
Norway,NOR,2012,,,,,,,0.117765576
Norway,NOR,2013,,,,,,,0.09434302
Norway,NOR,2015,,,,,,,0.05989886
Norway,NOR,2016,,,,,,,0.068024874
Norway,NOR,2017,,,,,,,0.058803633
Norway,NOR,2018,,,,,,,0.062073924
Norway,NOR,2019,,,,,,,0.061648455
Norway,NOR,2020,,,,,,,0.04067834
Norway,NOR,2021,,,,,,,0.039884243
Pakistan,PAK,2009,,,,,,,0.14484802
Pakistan,PAK,2012,,,,,,,0.14243144
Pakistan,PAK,2014,,,,,,,0.116245046
Pakistan,PAK,2015,,,,,,,0.136733
Pakistan,PAK,2016,,,,,,,0.11954757
Pakistan,PAK,2017,,,,,,,0.12907086
Pakistan,PAK,2018,,,,,,,0.09358681
Pakistan,PAK,2021,,,,,,,0.0730107
Pakistan,PAK,2022,,,,,,,0.05287019
Panama,PAN,2013,,,,,,,0.09508324
Panama,PAN,2014,,,,,,,0.08471829
Panama,PAN,2015,,,,,,,0.091112964
Panama,PAN,2016,,,,,,,0.11677039
Peru,PER,2013,,,,,,,0.062162124
Peru,PER,2014,,,,,,,0.09047319
Peru,PER,2015,,,,,,,0.066687256
Peru,PER,2016,,,,,,,0.05334819
Peru,PER,2018,,,,,,,0.03369374
Peru,PER,2023,,,,,,,0.031850394
Philippines,PHL,2005,,,,,,,0.10491086
Philippines,PHL,2006,,,,,,,0.1531067
Philippines,PHL,2013,,,,,,,0.16828653
Philippines,PHL,2014,,,,,,,0.1420951
Philippines,PHL,2015,,,,,,,0.14029208
Philippines,PHL,2016,,,,,,,0.14069287
Philippines,PHL,2017,,,,,,,0.1101235
Philippines,PHL,2019,,,,,,,0.0719853
Philippines,PHL,2023,,,,,,,0.05792303
Poland,POL,2001,,,,,,,0.11127258
Poland,POL,2002,,,,,,,0.103436664
Poland,POL,2006,,,,,,,0.1325068
Poland,POL,2007,,,,,,,0.10810324
Poland,POL,2008,,,,,,,0.06199141
Poland,POL,2010,,,,,,,0.1738591
Poland,POL,2011,,,,,,,0.14957385
Poland,POL,2012,,,,,,,0.13683334
Poland,POL,2013,,,,,,,0.15909182
Poland,POL,2014,,,,,,,0.11436514
Poland,POL,2015,,,,,,,0.09235296
Poland,POL,2016,,,,,,,0.08369473
Poland,POL,2017,,,,,,,0.06362651
Poland,POL,2020,,,,,,,0.042288423
Poland,POL,2021,,,,,,,0.046663556
Poland,POL,2022,,,,,,,0.0515871
Poland,POL,2023,,,,,,,0.049300537
Portugal,PRT,2018,,,,0.05635005,,,0.051674686
Portugal,PRT,2019,,,,0.06132185,,,
Portugal,PRT,2020,,,,0.052752532,,,
Portugal,PRT,2021,,,,0.052597765,,,
Portugal,PRT,2022,,,,0.060421113,,,
Portugal,PRT,2023,,,,0.052106697,,,
Portugal,PRT,2003,,,,,,,0.09749515
Portugal,PRT,2004,,,,,,,0.10992402
Portugal,PRT,2005,,,,,,,0.11415474
Portugal,PRT,2006,,,,,,,0.107822515
Portugal,PRT,2007,,,,,,,0.12205147
Portugal,PRT,2008,,,,,,,0.10967214
Portugal,PRT,2009,,,,,,,0.14678055
Portugal,PRT,2010,,,,,,,0.117007
Portugal,PRT,2011,,,,,,,0.15035039
Portugal,PRT,2012,,,,,,,0.12564757
Portugal,PRT,2013,,,,,,,0.12078507
Portugal,PRT,2014,,,,,,,0.093007505
Portugal,PRT,2015,,,,,,,0.08963415
Portugal,PRT,2016,,,,,,,0.09314147
Portugal,PRT,2017,,,,,,,0.05607117
Russia,RUS,2015,,,,,,,0.106298305
Russia,RUS,2018,,,,,,,0.060518052
Russia,RUS,2019,,,,,,,0.05864745
Russia,RUS,2020,,,,,,,0.059189305
Russia,RUS,2021,,,,,,,0.050531678
Russia,RUS,2022,,,,,,,0.04177845
Russia,RUS,2023,,,,,,,0.105699465
Saudi Arabia,SAU,2018,,,,0.08651573,,,
Saudi Arabia,SAU,2019,,,,0.06399449,,,
Saudi Arabia,SAU,2021,,,,0.05332737,,,
Saudi Arabia,SAU,2022,,,,0.037034437,,,
Saudi Arabia,SAU,2023,,,,0.04355262,,,
South Africa,ZAF,2018,,,,0.09628534,,,
South Africa,ZAF,2019,,,,0.07430191,,,0.061784275
South Africa,ZAF,2020,,,,0.07140446,,,0.055319138
South Africa,ZAF,2021,,,,0.058532797,,,0.051991228
South Africa,ZAF,2022,,,,0.06419589,,,0.0403138
South Africa,ZAF,2023,,,,0.074825644,,,0.049710665
South Africa,ZAF,2008,,,,,,,0.11556708
South Africa,ZAF,2012,,,,,,,0.12627572
South Africa,ZAF,2013,,,,,,,0.14342132
South Africa,ZAF,2014,,,,,,,0.12284038
South Africa,ZAF,2015,,,,,,,0.09895586
South Africa,ZAF,2016,,,,,,,0.08990169
South Africa,ZAF,2017,,,,,,,0.07184017
South Korea,KOR,2010,,,,0.4986123,,,0.13819724
South Korea,KOR,2011,,,,0.521159,,,0.13020343
South Korea,KOR,2012,,,,0.2089666,,,0.13871957
South Korea,KOR,2013,,,,0.24708317,,,
South Korea,KOR,2014,,,,0.18997668,,,
South Korea,KOR,2015,,,,0.17437568,,,0.13229562
South Korea,KOR,2016,,,,0.16692768,,,0.086905256
South Korea,KOR,2017,,,,0.112093136,,,0.082879744
South Korea,KOR,2018,,,,0.092146546,,,0.06707219
South Korea,KOR,2019,,,,0.084524125,,,0.06941565
South Korea,KOR,2020,,,,0.064165436,,,
South Korea,KOR,2021,,,,0.05990202,,,0.06732854
South Korea,KOR,2022,,,,0.075350046,,,0.083338894
South Korea,KOR,2023,,,,0.0737343,,,0.06745732
South Korea,KOR,2004,,,,,,,0.13322343
South Korea,KOR,2005,,,,,,,0.11041117
South Korea,KOR,2006,,,,,,,0.14282109
South Korea,KOR,2007,,,,,,,0.11436826
South Korea,KOR,2008,,,,,,,0.13054664
South Korea,KOR,2009,,,,,,,0.108668566
Spain,ESP,2010,,,,0.3596148,,,0.12767635
Spain,ESP,2011,,,,0.24987818,,,0.12009465
Spain,ESP,2012,,,,0.2011372,,,0.103430875
Spain,ESP,2013,,,,0.15346253,,,0.09901609
Spain,ESP,2014,,,,0.14738302,,,0.0824861
Spain,ESP,2015,,,,0.085579515,,,0.06687431
Spain,ESP,2019,,,,0.05393474,,,0.041447107
Spain,ESP,2020,,,,0.049414176,,,0.033207987
Spain,ESP,2021,,,,0.051199924,,,0.026944302
Spain,ESP,2022,,,,0.046924494,,,0.033464663
Spain,ESP,2023,,,,0.044135008,,,0.035700813
Spain,ESP,1990,,,,,,,0.16737711
Spain,ESP,1991,,,,,,,0.1658765
Spain,ESP,1992,,,,,,,0.157478
Spain,ESP,1993,,,,,,,0.15367866
Spain,ESP,1994,,,,,,,0.14374767
Spain,ESP,1995,,,,,,,0.13534752
Spain,ESP,1996,,,,,,,0.13154815
Spain,ESP,1997,,,,,,,0.12851503
Spain,ESP,1998,,,,,,,0.1239647
Spain,ESP,1999,,,,,,,0.11518687
Spain,ESP,2000,,,,,,,0.11982149
Spain,ESP,2001,,,,,,,0.11587787
Spain,ESP,2002,,,,,,,0.10942165
Spain,ESP,2003,,,,,,,0.105721265
Spain,ESP,2004,,,,,,,0.1166933
Spain,ESP,2005,,,,,,,0.10986097
Spain,ESP,2006,,,,,,,0.11346771
Spain,ESP,2007,,,,,,,0.13188963
Spain,ESP,2008,,,,,,,0.12989256
Spain,ESP,2009,,,,,,,0.124679655
Spain,ESP,2016,,,,,,,0.061638866
Spain,ESP,2017,,,,,,,0.060644504
Spain,ESP,2018,,,,,,,0.08352549
Sweden,SWE,1984,,,,,,,0.27427453
Sweden,SWE,1990,,,,,,,0.23836133
Sweden,SWE,1991,,,,,,,0.22563832
Sweden,SWE,1992,,,,,,,0.24503575
Sweden,SWE,1993,,,,,,,0.23977548
Sweden,SWE,1994,,,,,,,0.22602588
Sweden,SWE,1995,,,,,,,0.21439573
Sweden,SWE,1996,,,,,,,0.22014259
Sweden,SWE,1997,,,,,,,0.20493606
Sweden,SWE,1998,,,,,,,0.2028561
Sweden,SWE,1999,,,,,,,0.19441088
Sweden,SWE,2001,,,,,,,0.15713513
Sweden,SWE,2002,,,,,,,0.17978624
Sweden,SWE,2003,,,,,,,0.13875982
Sweden,SWE,2004,,,,,,,0.15111639
Sweden,SWE,2005,,,,,,,0.15633586
Sweden,SWE,2006,,,,,,,0.15633586
Sweden,SWE,2007,,,,,,,0.1416056
Sweden,SWE,2008,,,,,,,0.16060959
Sweden,SWE,2009,,,,,,,0.15430325
Sweden,SWE,2010,,,,,,,0.12407412
Sweden,SWE,2011,,,,,,,0.117756486
Sweden,SWE,2012,,,,,,,0.11397739
Sweden,SWE,2013,,,,,,,0.09061588
Sweden,SWE,2014,,,,,,,0.09806964
Sweden,SWE,2015,,,,,,,0.079761244
Sweden,SWE,2016,,,,,,,0.0680341
Sweden,SWE,2017,,,,,,,0.061043732
Sweden,SWE,2018,,,,,,,0.045205917
Sweden,SWE,2019,,,,,,,0.043255437
Sweden,SWE,2020,,,,,,,0.04123777
Sweden,SWE,2021,,,,,,,0.038765848
Sweden,SWE,2022,,,,,,,0.037834622
Sweden,SWE,2023,,,,,,,0.043618105
Turkey,TUR,2016,,,,0.13808659,,,0.078185774
Turkey,TUR,2017,,,,0.13098726,,,0.07049464
Turkey,TUR,2018,,,,0.104217,,,0.07845631
Turkey,TUR,2019,,,,0.09429909,,,0.07490098
Turkey,TUR,2020,,,,0.072505504,,,0.05417576
Turkey,TUR,2021,,,,0.069131985,,,0.048001587
Turkey,TUR,2022,,,,0.07234517,,,0.056176674
Turkey,TUR,2023,,,,0.08986429,,,0.07727857
Turkey,TUR,1998,,,,,,,0.09330775
Turkey,TUR,2000,,,,,,,0.084775925
Turkey,TUR,2009,,,,,,,0.07283216
Turkey,TUR,2010,,,,,,,0.13897508
Turkey,TUR,2011,,,,,,,0.10278846
Turkey,TUR,2012,,,,,,,0.09084945
Turkey,TUR,2013,,,,,,,0.09192372
Turkey,TUR,2014,,,,,,,0.10031581
Turkey,TUR,2015,,,,,,,0.08737503
Ukraine,UKR,2013,,,,,,,0.15806322
Ukraine,UKR,2014,,,,,,,0.12931502
Ukraine,UKR,2017,,,,,,,0.106791675
Ukraine,UKR,2019,,,,,,,0.08410427
Ukraine,UKR,2020,,,,,,,0.057229627
Ukraine,UKR,2021,,,,,,,0.0515105
Ukraine,UKR,2023,,,,,,,0.09580543
United Kingdom,GBR,2010,,,,0.5897092,,,0.11100219
United Kingdom,GBR,2011,,,,0.5433185,,,0.11397255
United Kingdom,GBR,2012,,,,0.31845304,,,0.10153395
United Kingdom,GBR,2013,,,,0.2570805,,,0.10100319
United Kingdom,GBR,2014,,,,0.20980753,,,0.095331185
United Kingdom,GBR,2015,,,,0.16283125,,,0.08696281
United Kingdom,GBR,2016,,,,0.15394442,,,0.07509283
United Kingdom,GBR,2017,,,,0.1258245,,,0.071271725
United Kingdom,GBR,2018,,,,0.12783648,,,0.04974535
United Kingdom,GBR,2019,,,,0.094833635,,,0.060719006
United Kingdom,GBR,2020,,,,0.08012386,,,0.04906147
United Kingdom,GBR,2021,,,,0.07364365,,,0.045274075
United Kingdom,GBR,2022,,,,0.077277675,,,0.03561282
United Kingdom,GBR,2023,,,,0.07858299,,,0.031401034
United Kingdom,GBR,1989,,,,,,,0.22246225
United Kingdom,GBR,1990,,,,,,,0.22364667
United Kingdom,GBR,1991,,,,,,,0.21159633
United Kingdom,GBR,1992,,,,,,,0.22739358
United Kingdom,GBR,1993,,,,,,,0.20825304
United Kingdom,GBR,1994,,,,,,,0.21005312
United Kingdom,GBR,1995,,,,,,,0.19842297
United Kingdom,GBR,1996,,,,,,,0.20332915
United Kingdom,GBR,1997,,,,,,,0.1889633
United Kingdom,GBR,1998,,,,,,,0.18688333
United Kingdom,GBR,1999,,,,,,,0.17843811
United Kingdom,GBR,2000,,,,,,,0.12215702
United Kingdom,GBR,2001,,,,,,,0.13871127
United Kingdom,GBR,2002,,,,,,,0.14443977
United Kingdom,GBR,2003,,,,,,,0.14469786
United Kingdom,GBR,2004,,,,,,,0.15242094
United Kingdom,GBR,2005,,,,,,,0.14366141
United Kingdom,GBR,2006,,,,,,,0.14413501
United Kingdom,GBR,2007,,,,,,,0.13674961
United Kingdom,GBR,2008,,,,,,,0.15053527
United Kingdom,GBR,2009,,,,,,,0.082623295
United States,USA,2010,,,,0.24348864,,,0.11127231
United States,USA,2011,,,,0.28972265,,,0.117525704
United States,USA,2012,,,,0.25027376,,,0.09962188
United States,USA,2013,,,,0.24900791,,,0.081946105
United States,USA,2014,,,,0.1700356,,,0.0675169
United States,USA,2015,,,,0.15704036,,,0.061307445
United States,USA,2016,,,,0.14240475,,,0.056328252
United States,USA,2017,,,,0.103291936,,,0.04937787
United States,USA,2018,,,,0.08006434,,,0.045500126
United States,USA,2019,,,,0.06723665,,,0.040880553
United States,USA,2020,,,,0.06550949,,,0.036429577
United States,USA,2021,,,,0.059631392,,,0.031546682
United States,USA,2022,,,,0.059007436,,,0.029099338
United States,USA,2023,,,,0.06259171,,,0.03839318
United States,USA,1984,,,,,,,0.35441163
United States,USA,1985,,,,,,,0.33313107
United States,USA,1986,,,,,,,0.3007679
United States,USA,1987,,,,,,,0.29429528
United States,USA,1988,,,,,,,0.22840385
United States,USA,1989,,,,,,,0.21288493
United States,USA,1990,,,,,,,0.23536465
United States,USA,1991,,,,,,,0.2282744
United States,USA,1998,,,,,,,0.13027772
United States,USA,1999,,,,,,,0.12535557
United States,USA,2000,,,,,,,0.10918551
United States,USA,2001,,,,,,,0.10265328
United States,USA,2002,,,,,,,0.09711266
United States,USA,2003,,,,,,,0.08595073
United States,USA,2004,,,,,,,0.09510601
United States,USA,2005,,,,,,,0.083801545
United States,USA,2006,,,,,,,0.09467907
United States,USA,2007,,,,,,,0.093647234
United States,USA,2008,,,,,,,0.10689578
United States,USA,2009,,,,,,,0.11954049
Uruguay,URY,2011,,,,,,,0.12753044
Uruguay,URY,2012,,,,,,,0.11014899
Uruguay,URY,2013,,,,,,,0.07713427
Uruguay,URY,2014,,,,,,,0.082134925
Uruguay,URY,2015,,,,,,,0.0654912
Uruguay,URY,2017,,,,,,,0.056629647
Vietnam,VNM,2009,,,,,,,0.09677676
Vietnam,VNM,2011,,,,,,,0.111128405
Vietnam,VNM,2012,,,,,,,0.11300274
Vietnam,VNM,2013,,,,,,,0.11411676
Vietnam,VNM,2015,,,,,,,0.09371393
Vietnam,VNM,2016,,,,,,,0.077331044
Vietnam,VNM,2017,,,,,,,0.07280197
Vietnam,VNM,2019,,,,,,,0.08219779
Vietnam,VNM,2020,,,,,,,0.06076633
Vietnam,VNM,2021,,,,,,,0.05115584
Vietnam,VNM,2022,,,,,,,0.04942404
Vietnam,VNM,2023,,,,,,,0.050653577
World,OWID_WRL,2010,0.08432566,0.05437762,0.20255099,0.46001217,0.39638713,0.04313644,0.11067678
World,OWID_WRL,2011,0.08083945,,0.21158485,0.34292528,0.38064796,0.04056036,0.10551348
World,OWID_WRL,2012,0.06933976,0.09341584,0.17907786,0.25565216,0.36894482,0.042198937,0.095888145
World,OWID_WRL,2013,0.088780016,0.06944923,0.15258002,0.19678167,0.29332757,0.047163296,0.09667573
World,OWID_WRL,2014,0.08880371,0.0708258,0.18640801,0.17699121,0.25581834,0.03674719,0.086487606
World,OWID_WRL,2015,0.07820597,0.06373833,0.15209904,0.13236205,0.24600641,0.040572964,0.07443382
World,OWID_WRL,2016,0.07655825,0.073563635,0.12414846,0.115932256,0.29046017,0.053682834,0.06887895
World,OWID_WRL,2017,0.07643825,0.07696041,0.1147449,0.09117579,0.27829278,0.056270614,0.06461468
World,OWID_WRL,2018,0.05900992,0.07427453,0.108094215,0.07733191,0.16350034,0.044194844,0.054763548
World,OWID_WRL,2019,0.06915627,0.07332711,0.0931793,0.06746652,0.24160981,0.045938633,0.047994845
World,OWID_WRL,2020,0.077994786,0.06164678,0.08816005,0.060086135,0.12182434,0.050994493,0.039881755
World,OWID_WRL,2021,0.07230296,0.07372308,0.07987241,0.052132525,0.124310926,0.05323211,0.035502348
World,OWID_WRL,2022,0.06292062,0.057813246,0.07979848,0.05049542,0.122017,0.061183166,0.033651832
World,OWID_WRL,2023,0.071543775,0.07111167,0.07450562,0.044247407,0.117257856,0.057056986,0.032578353
World,OWID_WRL,2007,,0.05383953,0.22453432,,,,0.11068616
World,OWID_WRL,2008,,0.059930474,0.22709344,,,,0.11653102
World,OWID_WRL,2009,,0.10386079,0.20896354,,,,0.11424548
World,OWID_WRL,2000,,,0.18069747,,,,0.17458597
World,OWID_WRL,2001,,,0.17090163,,,,0.15322538
World,OWID_WRL,2002,,,0.14479968,,,,0.14165795
World,OWID_WRL,2003,,,0.13355435,,,,0.12409019
World,OWID_WRL,2004,,,0.18947671,,,,0.12617247
World,OWID_WRL,2005,,,0.15936857,,,,0.118139766
World,OWID_WRL,2006,,,0.1570174,,,,0.121544786
World,OWID_WRL,1984,,,,,,,0.35026476
World,OWID_WRL,1985,,,,,,,0.32522815
World,OWID_WRL,1986,,,,,,,0.28866726
World,OWID_WRL,1987,,,,,,,0.28005746
World,OWID_WRL,1988,,,,,,,0.23089221
World,OWID_WRL,1989,,,,,,,0.2135598
World,OWID_WRL,1990,,,,,,,0.22708903
World,OWID_WRL,1991,,,,,,,0.2178248
World,OWID_WRL,1992,,,,,,,0.21823226
World,OWID_WRL,1993,,,,,,,0.2295759
World,OWID_WRL,1994,,,,,,,0.21623984
World,OWID_WRL,1995,,,,,,,0.22607207
World,OWID_WRL,1996,,,,,,,0.20189528
World,OWID_WRL,1997,,,,,,,0.17665792
World,OWID_WRL,1998,,,,,,,0.16560026
World,OWID_WRL,1999,,,,,,,0.16304226